,xgboost_regression_ensemble_pca,random_forest_regression_ensemble_pca,xgboost_rf_bagging_ensemble_pca,XGBRegressor_pca,LinearRegression_pca,DecisionTreeRegressor_pca,BaggingEnsemble_pca
mse,2925.033612690105,3666.1441664079325,1581.855069962096,3010.3638114920914,6138.809756311649,5423.558604332386,1812.6141298889395
mae,31.89193125023694,34.97844508921047,23.13081624999548,32.20739840374948,42.73122012327802,43.77128256523224,24.44887319959693
r2,0.9942106557082947,0.9927438198623493,0.9968691287580904,0.9940417667433264,0.9878498205742385,0.9892654744511314,0.9964124011360382
mape,0.051888242449519166,0.06095282485317354,0.04199252273398279,0.05101953300441398,0.08312466392232301,0.07345980302778302,0.04631887288915256
