,xgboost_regression_ensemble_pca,random_forest_regression_ensemble_pca,xgboost_rf_bagging_ensemble_pca,XGBRegressor_pca,LinearRegression_pca,DecisionTreeRegressor_pca,BaggingEnsemble_pca
mse,4829.301525317733,4478.25143592382,4812.864962632964,7581.845656806614,4986.916852900445,9659.247023331312,6411.59223407826
mae,39.09737944096033,37.87151180661008,39.42848431781103,52.52011055488271,38.00189498354048,59.995723461302155,47.86497178787735
r2,0.9863972571767883,0.9873860635412401,0.9864435542104124,0.9786441380696271,0.9859533004772814,0.9727927004691214,0.981940402811827
mape,0.0647286949414875,0.06340638763057886,0.0694551606710914,0.2767918326642411,0.1244143617021766,0.31643980013748485,0.27745978174208585
