,xgboost_regression_ensemble,random_forest_regression_ensemble,xgboost_rf_bagging_ensemble,XGBRegressor,LinearRegression,DecisionTreeRegressor,BaggingEnsemble
mse,44.0057961117874,99.52464764238982,43.673135866791604,87.98529895766191,2464.9841925759124,209.60724990286735,42.60637263172548
mae,2.0223301896192774,4.881506506968244,2.465301864690318,3.555082451747806,30.007544105597937,9.061201368893665,2.77762113465544
r2,0.9998760484256157,0.9997196679107003,0.9998769854331181,0.9997521709117416,0.9930568539033838,0.9994095971230287,0.9998799901959939
mape,0.019231777640902056,0.043851799884569005,0.024210865960775374,0.00802613738791585,0.5294148523288521,0.020075412376744275,0.007166641442001538
